,SerialNumber,StateCode,CountyCode,SiteNum,State,County,City,DateLocal,NO2Units,NO2Mean,NO2FirstMaxValue,NO2FirstMaxHour,NO2AQI,O3Units,O3Mean,O3FirstMaxValue,O3FirstMaxHour,O3AQI,SO2Units,SO2Mean,SO2FirstMaxValue,SO2FirstMaxHour,SO2AQI,COUnits,COMean,COFirstMaxValue,COFirstMaxHour,COAQI,month,year,monthyear
1564174,14972,32,31,16,Nevada,Washoe,Reno,2016-01-01,Parts per billion,13.108332999999998,37.7,21,35,Parts per million,0.0225,0.036000000000000004,9,33,Parts per billion,0.1,0.1,23,,Parts per million,0.235667,0.511,22,,Jan,2016,201601
1564175,14973,32,31,16,Nevada,Washoe,Reno,2016-01-01,Parts per billion,13.108332999999998,37.7,21,35,Parts per million,0.0225,0.036000000000000004,9,33,Parts per billion,0.1,0.1,23,,Parts per million,0.215789,0.3,21,3.0,Jan,2016,201601
1564176,14978,32,31,16,Nevada,Washoe,Reno,2016-01-03,Parts per billion,25.4125,35.8,21,33,Parts per million,0.009417,0.02,9,19,Parts per billion,0.265,1.2,23,1.0,Parts per million,0.388167,0.8190000000000001,22,,Jan,2016,201601
1564177,14979,32,31,16,Nevada,Washoe,Reno,2016-01-03,Parts per billion,25.4125,35.8,21,33,Parts per million,0.009417,0.02,9,19,Parts per billion,0.265,1.2,23,1.0,Parts per million,0.3375,0.6,22,7.0,Jan,2016,201601
1564178,14980,32,31,16,Nevada,Washoe,Reno,2016-01-03,Parts per billion,25.4125,35.8,21,33,Parts per million,0.009417,0.02,9,19,Parts per billion,0.25,0.9,23,,Parts per million,0.388167,0.8190000000000001,22,,Jan,2016,201601
1564179,14981,32,31,16,Nevada,Washoe,Reno,2016-01-03,Parts per billion,25.4125,35.8,21,33,Parts per million,0.009417,0.02,9,19,Parts per billion,0.25,0.9,23,,Parts per million,0.3375,0.6,22,7.0,Jan,2016,201601
1564180,14982,32,31,16,Nevada,Washoe,Reno,2016-01-04,Parts per billion,38.529167,48.2,10,45,Parts per million,0.000389,0.002,5,2,Parts per billion,2.269231,5.0,10,7.0,Parts per million,0.821227,1.283,23,,Jan,2016,201601
1564181,14983,32,31,16,Nevada,Washoe,Reno,2016-01-04,Parts per billion,38.529167,48.2,10,45,Parts per million,0.000389,0.002,5,2,Parts per billion,2.269231,5.0,10,7.0,Parts per million,0.795833,1.1,15,13.0,Jan,2016,201601
1564182,14984,32,31,16,Nevada,Washoe,Reno,2016-01-04,Parts per billion,38.529167,48.2,10,45,Parts per million,0.000389,0.002,5,2,Parts per billion,2.125,4.3,11,,Parts per million,0.821227,1.283,23,,Jan,2016,201601
1564183,14985,32,31,16,Nevada,Washoe,Reno,2016-01-04,Parts per billion,38.529167,48.2,10,45,Parts per million,0.000389,0.002,5,2,Parts per billion,2.125,4.3,11,,Parts per million,0.795833,1.1,15,13.0,Jan,2016,201601
1564184,14986,32,31,16,Nevada,Washoe,Reno,2016-01-11,Parts per billion,25.125,39.0,18,37,Parts per million,0.006,0.016,7,15,Parts per billion,0.842857,1.2,19,1.0,Parts per million,0.383,0.637,18,,Jan,2016,201601
1564185,14987,32,31,16,Nevada,Washoe,Reno,2016-01-11,Parts per billion,25.125,39.0,18,37,Parts per million,0.006,0.016,7,15,Parts per billion,0.842857,1.2,19,1.0,Parts per million,0.335294,0.6,22,7.0,Jan,2016,201601
1564186,14988,32,31,16,Nevada,Washoe,Reno,2016-01-11,Parts per billion,25.125,39.0,18,37,Parts per million,0.006,0.016,7,15,Parts per billion,0.8,0.9,20,,Parts per million,0.383,0.637,18,,Jan,2016,201601
1564187,14989,32,31,16,Nevada,Washoe,Reno,2016-01-11,Parts per billion,25.125,39.0,18,37,Parts per million,0.006,0.016,7,15,Parts per billion,0.8,0.9,20,,Parts per million,0.335294,0.6,22,7.0,Jan,2016,201601
1564188,14990,32,31,16,Nevada,Washoe,Reno,2016-01-12,Parts per billion,34.414286,43.3,16,41,Parts per million,0.0060420000000000005,0.022,23,20,Parts per billion,1.354167,2.9,9,3.0,Parts per million,0.591292,0.905,20,,Jan,2016,201601
1564189,14991,32,31,16,Nevada,Washoe,Reno,2016-01-12,Parts per billion,34.414286,43.3,16,41,Parts per million,0.0060420000000000005,0.022,23,20,Parts per billion,1.354167,2.9,9,3.0,Parts per million,0.554167,0.8,22,9.0,Jan,2016,201601
1564190,14992,32,31,16,Nevada,Washoe,Reno,2016-01-12,Parts per billion,34.414286,43.3,16,41,Parts per million,0.0060420000000000005,0.022,23,20,Parts per billion,1.3375,2.0,11,,Parts per million,0.591292,0.905,20,,Jan,2016,201601
1564191,14993,32,31,16,Nevada,Washoe,Reno,2016-01-12,Parts per billion,34.414286,43.3,16,41,Parts per million,0.0060420000000000005,0.022,23,20,Parts per billion,1.3375,2.0,11,,Parts per million,0.554167,0.8,22,9.0,Jan,2016,201601
1564192,14994,32,31,16,Nevada,Washoe,Reno,2016-01-13,Parts per billion,10.666667,36.5,2,34,Parts per million,0.036417000000000005,0.042,3,39,Parts per billion,0.658333,2.4,0,3.0,Parts per million,0.249542,0.836,0,,Jan,2016,201601
1564193,14995,32,31,16,Nevada,Washoe,Reno,2016-01-13,Parts per billion,10.666667,36.5,2,34,Parts per million,0.036417000000000005,0.042,3,39,Parts per billion,0.658333,2.4,0,3.0,Parts per million,0.345833,0.8,0,9.0,Jan,2016,201601
1564194,14996,32,31,16,Nevada,Washoe,Reno,2016-01-13,Parts per billion,10.666667,36.5,2,34,Parts per million,0.036417000000000005,0.042,3,39,Parts per billion,0.6375,1.7,2,,Parts per million,0.249542,0.836,0,,Jan,2016,201601
1564195,14997,32,31,16,Nevada,Washoe,Reno,2016-01-13,Parts per billion,10.666667,36.5,2,34,Parts per million,0.036417000000000005,0.042,3,39,Parts per billion,0.6375,1.7,2,,Parts per million,0.345833,0.8,0,9.0,Jan,2016,201601
1564196,14998,32,31,16,Nevada,Washoe,Reno,2016-01-14,Parts per billion,19.620833,36.4,6,34,Parts per million,0.026,0.041,22,38,Parts per billion,0.616667,1.5,9,1.0,Parts per million,0.308125,0.647,9,,Jan,2016,201601
1564197,14999,32,31,16,Nevada,Washoe,Reno,2016-01-14,Parts per billion,19.620833,36.4,6,34,Parts per million,0.026,0.041,22,38,Parts per billion,0.616667,1.5,9,1.0,Parts per million,0.304167,0.5,12,6.0,Jan,2016,201601
1564198,15000,32,31,16,Nevada,Washoe,Reno,2016-01-14,Parts per billion,19.620833,36.4,6,34,Parts per million,0.026,0.041,22,38,Parts per billion,0.5875,1.1,14,,Parts per million,0.308125,0.647,9,,Jan,2016,201601
1564199,15001,32,31,16,Nevada,Washoe,Reno,2016-01-14,Parts per billion,19.620833,36.4,6,34,Parts per million,0.026,0.041,22,38,Parts per billion,0.5875,1.1,14,,Parts per million,0.304167,0.5,12,6.0,Jan,2016,201601
1564200,15002,32,31,16,Nevada,Washoe,Reno,2016-01-15,Parts per billion,19.745833,42.3,22,40,Parts per million,0.020625,0.038,0,35,Parts per billion,0.529167,1.1,23,1.0,Parts per million,0.342833,0.83,22,,Jan,2016,201601
1564201,15003,32,31,16,Nevada,Washoe,Reno,2016-01-15,Parts per billion,19.745833,42.3,22,40,Parts per million,0.020625,0.038,0,35,Parts per billion,0.529167,1.1,23,1.0,Parts per million,0.2875,0.6,23,7.0,Jan,2016,201601
1564202,15004,32,31,16,Nevada,Washoe,Reno,2016-01-15,Parts per billion,19.745833,42.3,22,40,Parts per million,0.020625,0.038,0,35,Parts per billion,0.4875,0.9,23,,Parts per million,0.342833,0.83,22,,Jan,2016,201601
1564203,15005,32,31,16,Nevada,Washoe,Reno,2016-01-15,Parts per billion,19.745833,42.3,22,40,Parts per million,0.020625,0.038,0,35,Parts per billion,0.4875,0.9,23,,Parts per million,0.2875,0.6,23,7.0,Jan,2016,201601
1564204,15006,32,31,16,Nevada,Washoe,Reno,2016-01-16,Parts per billion,21.916667,38.0,3,36,Parts per million,0.01825,0.038,11,35,Parts per billion,0.8875,1.8,4,1.0,Parts per million,0.366,0.649,23,,Jan,2016,201601
1564205,15007,32,31,16,Nevada,Washoe,Reno,2016-01-16,Parts per billion,21.916667,38.0,3,36,Parts per million,0.01825,0.038,11,35,Parts per billion,0.8875,1.8,4,1.0,Parts per million,0.395833,0.6,0,7.0,Jan,2016,201601
1564206,15008,32,31,16,Nevada,Washoe,Reno,2016-01-16,Parts per billion,21.916667,38.0,3,36,Parts per million,0.01825,0.038,11,35,Parts per billion,0.8625,1.6,5,,Parts per million,0.366,0.649,23,,Jan,2016,201601
1564207,15009,32,31,16,Nevada,Washoe,Reno,2016-01-16,Parts per billion,21.916667,38.0,3,36,Parts per million,0.01825,0.038,11,35,Parts per billion,0.8625,1.6,5,,Parts per million,0.395833,0.6,0,7.0,Jan,2016,201601
1564208,15010,32,31,16,Nevada,Washoe,Reno,2016-01-17,Parts per billion,19.233333,33.4,0,31,Parts per million,0.025417,0.041,12,38,Parts per billion,0.995833,1.8,9,1.0,Parts per million,0.380958,0.79,0,,Jan,2016,201601
1564209,15011,32,31,16,Nevada,Washoe,Reno,2016-01-17,Parts per billion,19.233333,33.4,0,31,Parts per million,0.025417,0.041,12,38,Parts per billion,0.995833,1.8,9,1.0,Parts per million,0.416667,0.6,5,7.0,Jan,2016,201601
1564210,15012,32,31,16,Nevada,Washoe,Reno,2016-01-17,Parts per billion,19.233333,33.4,0,31,Parts per million,0.025417,0.041,12,38,Parts per billion,0.9625,1.4,8,,Parts per million,0.380958,0.79,0,,Jan,2016,201601
1564211,15013,32,31,16,Nevada,Washoe,Reno,2016-01-17,Parts per billion,19.233333,33.4,0,31,Parts per million,0.025417,0.041,12,38,Parts per billion,0.9625,1.4,8,,Parts per million,0.416667,0.6,5,7.0,Jan,2016,201601
1564212,15014,32,31,16,Nevada,Washoe,Reno,2016-01-18,Parts per billion,12.7375,35.4,23,33,Parts per million,0.024375,0.037000000000000005,11,34,Parts per billion,0.641667,1.2,10,1.0,Parts per million,0.24425,0.525,23,,Jan,2016,201601
1564213,15015,32,31,16,Nevada,Washoe,Reno,2016-01-18,Parts per billion,12.7375,35.4,23,33,Parts per million,0.024375,0.037000000000000005,11,34,Parts per billion,0.641667,1.2,10,1.0,Parts per million,0.216667,0.3,12,3.0,Jan,2016,201601
1564214,15016,32,31,16,Nevada,Washoe,Reno,2016-01-18,Parts per billion,12.7375,35.4,23,33,Parts per million,0.024375,0.037000000000000005,11,34,Parts per billion,0.6125,1.0,11,,Parts per million,0.24425,0.525,23,,Jan,2016,201601
1564215,15017,32,31,16,Nevada,Washoe,Reno,2016-01-18,Parts per billion,12.7375,35.4,23,33,Parts per million,0.024375,0.037000000000000005,11,34,Parts per billion,0.6125,1.0,11,,Parts per million,0.216667,0.3,12,3.0,Jan,2016,201601
1564216,15018,32,31,16,Nevada,Washoe,Reno,2016-01-19,Parts per billion,15.545832999999998,35.9,5,33,Parts per million,0.028188,0.038,18,35,Parts per billion,0.436842,1.1,6,1.0,Parts per million,0.293,0.5,5,,Jan,2016,201601
1564217,15019,32,31,16,Nevada,Washoe,Reno,2016-01-19,Parts per billion,15.545832999999998,35.9,5,33,Parts per million,0.028188,0.038,18,35,Parts per billion,0.436842,1.1,6,1.0,Parts per million,0.35,0.4,1,5.0,Jan,2016,201601
1564218,15020,32,31,16,Nevada,Washoe,Reno,2016-01-19,Parts per billion,15.545832999999998,35.9,5,33,Parts per million,0.028188,0.038,18,35,Parts per billion,0.45,0.9,8,,Parts per million,0.293,0.5,5,,Jan,2016,201601
1564219,15021,32,31,16,Nevada,Washoe,Reno,2016-01-19,Parts per billion,15.545832999999998,35.9,5,33,Parts per million,0.028188,0.038,18,35,Parts per billion,0.45,0.9,8,,Parts per million,0.35,0.4,1,5.0,Jan,2016,201601
1564220,15022,32,31,16,Nevada,Washoe,Reno,2016-01-20,Parts per billion,16.9,36.3,20,34,Parts per million,0.022208,0.034,0,31,Parts per billion,0.1,0.5,9,0.0,Parts per million,0.278708,0.56,17,,Jan,2016,201601
1564221,15023,32,31,16,Nevada,Washoe,Reno,2016-01-20,Parts per billion,16.9,36.3,20,34,Parts per million,0.022208,0.034,0,31,Parts per billion,0.1,0.5,9,0.0,Parts per million,0.275,0.4,20,5.0,Jan,2016,201601
1564222,15024,32,31,16,Nevada,Washoe,Reno,2016-01-20,Parts per billion,16.9,36.3,20,34,Parts per million,0.022208,0.034,0,31,Parts per billion,0.0625,0.2,11,,Parts per million,0.278708,0.56,17,,Jan,2016,201601
1564223,15025,32,31,16,Nevada,Washoe,Reno,2016-01-20,Parts per billion,16.9,36.3,20,34,Parts per million,0.022208,0.034,0,31,Parts per billion,0.0625,0.2,11,,Parts per million,0.275,0.4,20,5.0,Jan,2016,201601
1564224,15026,32,31,16,Nevada,Washoe,Reno,2016-01-21,Parts per billion,24.477273,35.9,19,33,Parts per million,0.011556,0.026,9,24,Parts per billion,0.1125,0.8,7,0.0,Parts per million,0.348381,0.6859999999999999,19,,Jan,2016,201601
1564225,15027,32,31,16,Nevada,Washoe,Reno,2016-01-21,Parts per billion,24.477273,35.9,19,33,Parts per million,0.011556,0.026,9,24,Parts per billion,0.1125,0.8,7,0.0,Parts per million,0.31666700000000003,0.5,23,6.0,Jan,2016,201601
1564226,15030,32,31,16,Nevada,Washoe,Reno,2016-01-25,Parts per billion,22.504167,36.7,18,34,Parts per million,0.009917,0.023,9,21,Parts per billion,0.475,0.6,18,0.0,Parts per million,0.372591,0.612,7,,Jan,2016,201601
1564227,15031,32,31,16,Nevada,Washoe,Reno,2016-01-25,Parts per billion,22.504167,36.7,18,34,Parts per million,0.009917,0.023,9,21,Parts per billion,0.475,0.6,18,0.0,Parts per million,0.341667,0.5,21,6.0,Jan,2016,201601
1564228,15032,32,31,16,Nevada,Washoe,Reno,2016-01-25,Parts per billion,22.504167,36.7,18,34,Parts per million,0.009917,0.023,9,21,Parts per billion,0.5,0.5,20,,Parts per million,0.372591,0.612,7,,Jan,2016,201601
1564229,15033,32,31,16,Nevada,Washoe,Reno,2016-01-25,Parts per billion,22.504167,36.7,18,34,Parts per million,0.009917,0.023,9,21,Parts per billion,0.5,0.5,20,,Parts per million,0.341667,0.5,21,6.0,Jan,2016,201601
1564230,15034,32,31,16,Nevada,Washoe,Reno,2016-01-26,Parts per billion,23.347619,38.4,10,36,Parts per million,0.012125,0.03,9,28,Parts per billion,0.336364,1.1,8,1.0,Parts per million,0.311,0.513,20,,Jan,2016,201601
1564231,15035,32,31,16,Nevada,Washoe,Reno,2016-01-26,Parts per billion,23.347619,38.4,10,36,Parts per million,0.012125,0.03,9,28,Parts per billion,0.336364,1.1,8,1.0,Parts per million,0.3125,0.5,0,6.0,Jan,2016,201601
1564232,15036,32,31,16,Nevada,Washoe,Reno,2016-01-26,Parts per billion,23.347619,38.4,10,36,Parts per million,0.012125,0.03,9,28,Parts per billion,0.271429,0.6,8,,Parts per million,0.311,0.513,20,,Jan,2016,201601
1564233,15037,32,31,16,Nevada,Washoe,Reno,2016-01-26,Parts per billion,23.347619,38.4,10,36,Parts per million,0.012125,0.03,9,28,Parts per billion,0.271429,0.6,8,,Parts per million,0.3125,0.5,0,6.0,Jan,2016,201601
1564234,15038,32,31,16,Nevada,Washoe,Reno,2016-01-27,Parts per billion,26.575,36.3,17,34,Parts per million,0.006625,0.018000000000000002,9,17,Parts per billion,0.908333,3.5,7,4.0,Parts per million,0.470042,0.974,7,,Jan,2016,201601
1564235,15039,32,31,16,Nevada,Washoe,Reno,2016-01-27,Parts per billion,26.575,36.3,17,34,Parts per million,0.006625,0.018000000000000002,9,17,Parts per billion,0.908333,3.5,7,4.0,Parts per million,0.458333,0.6,9,7.0,Jan,2016,201601
1564236,15040,32,31,16,Nevada,Washoe,Reno,2016-01-27,Parts per billion,26.575,36.3,17,34,Parts per million,0.006625,0.018000000000000002,9,17,Parts per billion,0.8625,2.4,8,,Parts per million,0.470042,0.974,7,,Jan,2016,201601
1564237,15041,32,31,16,Nevada,Washoe,Reno,2016-01-27,Parts per billion,26.575,36.3,17,34,Parts per million,0.006625,0.018000000000000002,9,17,Parts per billion,0.8625,2.4,8,,Parts per million,0.458333,0.6,9,7.0,Jan,2016,201601
1564238,15042,32,31,16,Nevada,Washoe,Reno,2016-01-28,Parts per billion,22.845833,41.8,11,39,Parts per million,0.019167,0.032,14,30,Parts per billion,0.95,4.0,7,6.0,Parts per million,0.449667,1.155,7,,Jan,2016,201601
1564239,15043,32,31,16,Nevada,Washoe,Reno,2016-01-28,Parts per billion,22.845833,41.8,11,39,Parts per million,0.019167,0.032,14,30,Parts per billion,0.95,4.0,7,6.0,Parts per million,0.479167,0.8,11,9.0,Jan,2016,201601
1564240,15044,32,31,16,Nevada,Washoe,Reno,2016-01-28,Parts per billion,22.845833,41.8,11,39,Parts per million,0.019167,0.032,14,30,Parts per billion,0.925,3.1,8,,Parts per million,0.449667,1.155,7,,Jan,2016,201601
1564241,15045,32,31,16,Nevada,Washoe,Reno,2016-01-28,Parts per billion,22.845833,41.8,11,39,Parts per million,0.019167,0.032,14,30,Parts per billion,0.925,3.1,8,,Parts per million,0.479167,0.8,11,9.0,Jan,2016,201601
1564242,15046,32,31,16,Nevada,Washoe,Reno,2016-01-29,Parts per billion,8.816667,32.1,4,30,Parts per million,0.028583,0.033,22,31,Parts per billion,0.095833,0.4,7,0.0,Parts per million,0.181208,0.301,7,,Jan,2016,201601
1564243,15047,32,31,16,Nevada,Washoe,Reno,2016-01-29,Parts per billion,8.816667,32.1,4,30,Parts per million,0.028583,0.033,22,31,Parts per billion,0.095833,0.4,7,0.0,Parts per million,0.2,0.2,0,2.0,Jan,2016,201601
1564244,15048,32,31,16,Nevada,Washoe,Reno,2016-01-29,Parts per billion,8.816667,32.1,4,30,Parts per million,0.028583,0.033,22,31,Parts per billion,0.05,0.2,8,,Parts per million,0.181208,0.301,7,,Jan,2016,201601
1564245,15049,32,31,16,Nevada,Washoe,Reno,2016-01-29,Parts per billion,8.816667,32.1,4,30,Parts per million,0.028583,0.033,22,31,Parts per billion,0.05,0.2,8,,Parts per million,0.2,0.2,0,2.0,Jan,2016,201601
1564246,15050,32,31,16,Nevada,Washoe,Reno,2016-01-30,Parts per billion,8.945833,20.7,7,19,Parts per million,0.032417,0.036000000000000004,10,33,Parts per billion,0.0375,0.1,8,0.0,Parts per million,0.215208,0.297,7,,Jan,2016,201601
1564247,15051,32,31,16,Nevada,Washoe,Reno,2016-01-30,Parts per billion,8.945833,20.7,7,19,Parts per million,0.032417,0.036000000000000004,10,33,Parts per billion,0.0375,0.1,8,0.0,Parts per million,0.2,0.2,0,2.0,Jan,2016,201601
1564248,15052,32,31,16,Nevada,Washoe,Reno,2016-01-30,Parts per billion,8.945833,20.7,7,19,Parts per million,0.032417,0.036000000000000004,10,33,Parts per billion,0.025,0.1,11,,Parts per million,0.215208,0.297,7,,Jan,2016,201601
1564249,15053,32,31,16,Nevada,Washoe,Reno,2016-01-30,Parts per billion,8.945833,20.7,7,19,Parts per million,0.032417,0.036000000000000004,10,33,Parts per billion,0.025,0.1,11,,Parts per million,0.2,0.2,0,2.0,Jan,2016,201601
1564250,15054,32,31,16,Nevada,Washoe,Reno,2016-01-31,Parts per billion,6.375,10.4,8,9,Parts per million,0.035792000000000004,0.038,18,35,Parts per billion,0.05,0.2,9,0.0,Parts per million,0.170208,0.231,17,,Jan,2016,201601
1564251,15055,32,31,16,Nevada,Washoe,Reno,2016-01-31,Parts per billion,6.375,10.4,8,9,Parts per million,0.035792000000000004,0.038,18,35,Parts per billion,0.05,0.2,9,0.0,Parts per million,0.2,0.2,0,2.0,Jan,2016,201601
1564252,15056,32,31,16,Nevada,Washoe,Reno,2016-01-31,Parts per billion,6.375,10.4,8,9,Parts per million,0.035792000000000004,0.038,18,35,Parts per billion,0.025,0.1,11,,Parts per million,0.170208,0.231,17,,Jan,2016,201601
1564253,15057,32,31,16,Nevada,Washoe,Reno,2016-01-31,Parts per billion,6.375,10.4,8,9,Parts per million,0.035792000000000004,0.038,18,35,Parts per billion,0.025,0.1,11,,Parts per million,0.2,0.2,0,2.0,Jan,2016,201601
1564254,15058,32,31,16,Nevada,Washoe,Reno,2016-02-01,Parts per billion,12.995833,35.6,22,33,Parts per million,0.02325,0.037000000000000005,8,34,Parts per billion,0.05,0.3,23,0.0,Parts per million,0.270545,0.509,23,,Feb,2016,201602
1564255,15059,32,31,16,Nevada,Washoe,Reno,2016-02-01,Parts per billion,12.995833,35.6,22,33,Parts per million,0.02325,0.037000000000000005,8,34,Parts per billion,0.05,0.3,23,0.0,Parts per million,0.229167,0.4,23,5.0,Feb,2016,201602
1564256,15060,32,31,16,Nevada,Washoe,Reno,2016-02-01,Parts per billion,12.995833,35.6,22,33,Parts per million,0.02325,0.037000000000000005,8,34,Parts per billion,0.028571,0.2,23,,Parts per million,0.270545,0.509,23,,Feb,2016,201602
1564257,15061,32,31,16,Nevada,Washoe,Reno,2016-02-01,Parts per billion,12.995833,35.6,22,33,Parts per million,0.02325,0.037000000000000005,8,34,Parts per billion,0.028571,0.2,23,,Parts per million,0.229167,0.4,23,5.0,Feb,2016,201602
1564258,15062,32,31,16,Nevada,Washoe,Reno,2016-02-02,Parts per billion,29.842857,41.8,6,39,Parts per million,0.01425,0.024,10,22,Parts per billion,0.725,2.6,9,3.0,Parts per million,0.469583,0.893,9,,Feb,2016,201602
1564259,15063,32,31,16,Nevada,Washoe,Reno,2016-02-02,Parts per billion,29.842857,41.8,6,39,Parts per million,0.01425,0.024,10,22,Parts per billion,0.725,2.6,9,3.0,Parts per million,0.479167,0.6,8,7.0,Feb,2016,201602
1564260,15064,32,31,16,Nevada,Washoe,Reno,2016-02-02,Parts per billion,29.842857,41.8,6,39,Parts per million,0.01425,0.024,10,22,Parts per billion,0.6875,1.8,8,,Parts per million,0.469583,0.893,9,,Feb,2016,201602
1564261,15065,32,31,16,Nevada,Washoe,Reno,2016-02-02,Parts per billion,29.842857,41.8,6,39,Parts per million,0.01425,0.024,10,22,Parts per billion,0.6875,1.8,8,,Parts per million,0.479167,0.6,8,7.0,Feb,2016,201602
1564262,15066,32,31,16,Nevada,Washoe,Reno,2016-02-03,Parts per billion,29.841667,43.5,20,41,Parts per million,0.009542,0.019,9,18,Parts per billion,0.358333,0.8,12,0.0,Parts per million,0.415458,0.5920000000000001,8,,Feb,2016,201602
1564263,15067,32,31,16,Nevada,Washoe,Reno,2016-02-03,Parts per billion,29.841667,43.5,20,41,Parts per million,0.009542,0.019,9,18,Parts per billion,0.358333,0.8,12,0.0,Parts per million,0.4,0.5,13,6.0,Feb,2016,201602
1564264,15068,32,31,16,Nevada,Washoe,Reno,2016-02-03,Parts per billion,29.841667,43.5,20,41,Parts per million,0.009542,0.019,9,18,Parts per billion,0.3375,0.7,14,,Parts per million,0.415458,0.5920000000000001,8,,Feb,2016,201602
1564265,15069,32,31,16,Nevada,Washoe,Reno,2016-02-03,Parts per billion,29.841667,43.5,20,41,Parts per million,0.009542,0.019,9,18,Parts per billion,0.3375,0.7,14,,Parts per million,0.4,0.5,13,6.0,Feb,2016,201602
1564266,15070,32,31,16,Nevada,Washoe,Reno,2016-02-04,Parts per billion,32.3,46.0,8,43,Parts per million,0.010958,0.029,10,27,Parts per billion,1.083333,5.6,8,7.0,Parts per million,0.5986670000000001,1.371,8,,Feb,2016,201602
1564267,15071,32,31,16,Nevada,Washoe,Reno,2016-02-04,Parts per billion,32.3,46.0,8,43,Parts per million,0.010958,0.029,10,27,Parts per billion,1.083333,5.6,8,7.0,Parts per million,0.583333,0.8,8,9.0,Feb,2016,201602
1564268,15072,32,31,16,Nevada,Washoe,Reno,2016-02-04,Parts per billion,32.3,46.0,8,43,Parts per million,0.010958,0.029,10,27,Parts per billion,1.05,3.3,8,,Parts per million,0.5986670000000001,1.371,8,,Feb,2016,201602
1564269,15073,32,31,16,Nevada,Washoe,Reno,2016-02-04,Parts per billion,32.3,46.0,8,43,Parts per million,0.010958,0.029,10,27,Parts per billion,1.05,3.3,8,,Parts per million,0.583333,0.8,8,9.0,Feb,2016,201602
1564270,15074,32,31,16,Nevada,Washoe,Reno,2016-02-05,Parts per billion,25.933333,38.3,19,36,Parts per million,0.011542,0.029,9,27,Parts per billion,0.375,1.3,21,1.0,Parts per million,0.408708,0.687,21,,Feb,2016,201602
1564271,15075,32,31,16,Nevada,Washoe,Reno,2016-02-05,Parts per billion,25.933333,38.3,19,36,Parts per million,0.011542,0.029,9,27,Parts per billion,0.375,1.3,21,1.0,Parts per million,0.425,0.6,0,7.0,Feb,2016,201602
1564272,15076,32,31,16,Nevada,Washoe,Reno,2016-02-05,Parts per billion,25.933333,38.3,19,36,Parts per million,0.011542,0.029,9,27,Parts per billion,0.3375,0.9,23,,Parts per million,0.408708,0.687,21,,Feb,2016,201602
1564273,15077,32,31,16,Nevada,Washoe,Reno,2016-02-05,Parts per billion,25.933333,38.3,19,36,Parts per million,0.011542,0.029,9,27,Parts per billion,0.3375,0.9,23,,Parts per million,0.425,0.6,0,7.0,Feb,2016,201602
1564274,15078,32,31,16,Nevada,Washoe,Reno,2016-02-06,Parts per billion,28.829167,38.5,19,36,Parts per million,0.010667,0.025,10,23,Parts per billion,0.783333,2.9,7,3.0,Parts per million,0.56675,0.998,7,,Feb,2016,201602
1564275,15079,32,31,16,Nevada,Washoe,Reno,2016-02-06,Parts per billion,28.829167,38.5,19,36,Parts per million,0.010667,0.025,10,23,Parts per billion,0.783333,2.9,7,3.0,Parts per million,0.595833,0.8,9,9.0,Feb,2016,201602
1564276,15080,32,31,16,Nevada,Washoe,Reno,2016-02-06,Parts per billion,28.829167,38.5,19,36,Parts per million,0.010667,0.025,10,23,Parts per billion,0.75,2.6,8,,Parts per million,0.56675,0.998,7,,Feb,2016,201602
1564277,15081,32,31,16,Nevada,Washoe,Reno,2016-02-06,Parts per billion,28.829167,38.5,19,36,Parts per million,0.010667,0.025,10,23,Parts per billion,0.75,2.6,8,,Parts per million,0.595833,0.8,9,9.0,Feb,2016,201602
1564278,15082,32,31,16,Nevada,Washoe,Reno,2016-02-07,Parts per billion,22.541667,37.7,21,35,Parts per million,0.013917,0.033,11,31,Parts per billion,0.391667,2.1,23,3.0,Parts per million,0.408667,0.982,23,,Feb,2016,201602
1564279,15083,32,31,16,Nevada,Washoe,Reno,2016-02-07,Parts per billion,22.541667,37.7,21,35,Parts per million,0.013917,0.033,11,31,Parts per billion,0.391667,2.1,23,3.0,Parts per million,0.383333,0.5,0,6.0,Feb,2016,201602
1564280,15084,32,31,16,Nevada,Washoe,Reno,2016-02-07,Parts per billion,22.541667,37.7,21,35,Parts per million,0.013917,0.033,11,31,Parts per billion,0.35,1.5,23,,Parts per million,0.408667,0.982,23,,Feb,2016,201602
1564281,15085,32,31,16,Nevada,Washoe,Reno,2016-02-07,Parts per billion,22.541667,37.7,21,35,Parts per million,0.013917,0.033,11,31,Parts per billion,0.35,1.5,23,,Parts per million,0.383333,0.5,0,6.0,Feb,2016,201602
1564282,15086,32,31,16,Nevada,Washoe,Reno,2016-02-08,Parts per billion,23.083333,34.2,19,32,Parts per million,0.007278,0.017,7,16,Parts per billion,0.7523810000000001,2.0,2,3.0,Parts per million,0.475143,0.967,0,,Feb,2016,201602
1564283,15087,32,31,16,Nevada,Washoe,Reno,2016-02-08,Parts per billion,23.083333,34.2,19,32,Parts per million,0.007278,0.017,7,16,Parts per billion,0.7523810000000001,2.0,2,3.0,Parts per million,0.5611109999999999,0.8,2,9.0,Feb,2016,201602
1564284,15088,32,31,16,Nevada,Washoe,Reno,2016-02-08,Parts per billion,23.083333,34.2,19,32,Parts per million,0.007278,0.017,7,16,Parts per billion,0.85,1.8,2,,Parts per million,0.475143,0.967,0,,Feb,2016,201602
1564285,15089,32,31,16,Nevada,Washoe,Reno,2016-02-08,Parts per billion,23.083333,34.2,19,32,Parts per million,0.007278,0.017,7,16,Parts per billion,0.85,1.8,2,,Parts per million,0.5611109999999999,0.8,2,9.0,Feb,2016,201602
1564286,15090,32,31,16,Nevada,Washoe,Reno,2016-02-09,Parts per billion,26.3,40.4,17,38,Parts per million,0.009333,0.025,9,23,Parts per billion,0.491667,1.4,20,1.0,Parts per million,0.376083,0.698,11,,Feb,2016,201602
1564287,15091,32,31,16,Nevada,Washoe,Reno,2016-02-09,Parts per billion,26.3,40.4,17,38,Parts per million,0.009333,0.025,9,23,Parts per billion,0.491667,1.4,20,1.0,Parts per million,0.370833,0.4,0,5.0,Feb,2016,201602
1564288,15092,32,31,16,Nevada,Washoe,Reno,2016-02-09,Parts per billion,26.3,40.4,17,38,Parts per million,0.009333,0.025,9,23,Parts per billion,0.475,1.1,20,,Parts per million,0.376083,0.698,11,,Feb,2016,201602
1564289,15093,32,31,16,Nevada,Washoe,Reno,2016-02-09,Parts per billion,26.3,40.4,17,38,Parts per million,0.009333,0.025,9,23,Parts per billion,0.475,1.1,20,,Parts per million,0.370833,0.4,0,5.0,Feb,2016,201602
1564290,15094,32,31,16,Nevada,Washoe,Reno,2016-02-10,Parts per billion,29.129167,42.5,17,40,Parts per million,0.006667,0.018000000000000002,9,17,Parts per billion,1.016667,3.4,7,4.0,Parts per million,0.504125,1.015,17,,Feb,2016,201602
1564291,15095,32,31,16,Nevada,Washoe,Reno,2016-02-10,Parts per billion,29.129167,42.5,17,40,Parts per million,0.006667,0.018000000000000002,9,17,Parts per billion,1.016667,3.4,7,4.0,Parts per million,0.483333,0.6,9,7.0,Feb,2016,201602
1564292,15096,32,31,16,Nevada,Washoe,Reno,2016-02-10,Parts per billion,29.129167,42.5,17,40,Parts per million,0.006667,0.018000000000000002,9,17,Parts per billion,0.975,2.6,8,,Parts per million,0.504125,1.015,17,,Feb,2016,201602
1564293,15097,32,31,16,Nevada,Washoe,Reno,2016-02-10,Parts per billion,29.129167,42.5,17,40,Parts per million,0.006667,0.018000000000000002,9,17,Parts per billion,0.975,2.6,8,,Parts per million,0.483333,0.6,9,7.0,Feb,2016,201602
1564294,15098,32,31,16,Nevada,Washoe,Reno,2016-02-11,Parts per billion,33.033333,43.9,18,41,Parts per million,0.003792,0.01,9,9,Parts per billion,1.233333,3.1,8,4.0,Parts per million,0.590792,1.074,17,,Feb,2016,201602
1564295,15099,32,31,16,Nevada,Washoe,Reno,2016-02-11,Parts per billion,33.033333,43.9,18,41,Parts per million,0.003792,0.01,9,9,Parts per billion,1.233333,3.1,8,4.0,Parts per million,0.55,0.8,20,9.0,Feb,2016,201602
1564296,15100,32,31,16,Nevada,Washoe,Reno,2016-02-11,Parts per billion,33.033333,43.9,18,41,Parts per million,0.003792,0.01,9,9,Parts per billion,1.1875,2.0,20,,Parts per million,0.590792,1.074,17,,Feb,2016,201602
1564297,15101,32,31,16,Nevada,Washoe,Reno,2016-02-11,Parts per billion,33.033333,43.9,18,41,Parts per million,0.003792,0.01,9,9,Parts per billion,1.1875,2.0,20,,Parts per million,0.55,0.8,20,9.0,Feb,2016,201602
1564298,15102,32,31,16,Nevada,Washoe,Reno,2016-02-12,Parts per billion,26.95,41.7,13,39,Parts per million,0.01325,0.026,15,24,Parts per billion,0.766667,2.5,7,3.0,Parts per million,0.427917,0.784,7,,Feb,2016,201602
1564299,15103,32,31,16,Nevada,Washoe,Reno,2016-02-12,Parts per billion,26.95,41.7,13,39,Parts per million,0.01325,0.026,15,24,Parts per billion,0.766667,2.5,7,3.0,Parts per million,0.491667,0.8,0,9.0,Feb,2016,201602
1564300,15104,32,31,16,Nevada,Washoe,Reno,2016-02-12,Parts per billion,26.95,41.7,13,39,Parts per million,0.01325,0.026,15,24,Parts per billion,0.7375,2.0,11,,Parts per million,0.427917,0.784,7,,Feb,2016,201602
1564301,15105,32,31,16,Nevada,Washoe,Reno,2016-02-12,Parts per billion,26.95,41.7,13,39,Parts per million,0.01325,0.026,15,24,Parts per billion,0.7375,2.0,11,,Parts per million,0.491667,0.8,0,9.0,Feb,2016,201602
1564302,15106,32,31,16,Nevada,Washoe,Reno,2016-02-13,Parts per billion,22.2,36.5,0,34,Parts per million,0.016416999999999998,0.039,10,36,Parts per billion,0.470833,2.5,8,3.0,Parts per million,0.416917,1.003,22,,Feb,2016,201602
1564303,15107,32,31,16,Nevada,Washoe,Reno,2016-02-13,Parts per billion,22.2,36.5,0,34,Parts per million,0.016416999999999998,0.039,10,36,Parts per billion,0.470833,2.5,8,3.0,Parts per million,0.3875,0.5,10,6.0,Feb,2016,201602
1564304,15108,32,31,16,Nevada,Washoe,Reno,2016-02-13,Parts per billion,22.2,36.5,0,34,Parts per million,0.016416999999999998,0.039,10,36,Parts per billion,0.45,1.6,8,,Parts per million,0.416917,1.003,22,,Feb,2016,201602
1564305,15109,32,31,16,Nevada,Washoe,Reno,2016-02-13,Parts per billion,22.2,36.5,0,34,Parts per million,0.016416999999999998,0.039,10,36,Parts per billion,0.45,1.6,8,,Parts per million,0.3875,0.5,10,6.0,Feb,2016,201602
1564306,15110,32,31,16,Nevada,Washoe,Reno,2016-02-14,Parts per billion,19.804167,31.9,0,29,Parts per million,0.013708,0.03,10,28,Parts per billion,0.475,1.8,0,1.0,Parts per million,0.420458,0.905,0,,Feb,2016,201602
1564307,15111,32,31,16,Nevada,Washoe,Reno,2016-02-14,Parts per billion,19.804167,31.9,0,29,Parts per million,0.013708,0.03,10,28,Parts per billion,0.475,1.8,0,1.0,Parts per million,0.454167,0.7,3,8.0,Feb,2016,201602
1564308,15112,32,31,16,Nevada,Washoe,Reno,2016-02-14,Parts per billion,19.804167,31.9,0,29,Parts per million,0.013708,0.03,10,28,Parts per billion,0.4375,1.1,5,,Parts per million,0.420458,0.905,0,,Feb,2016,201602
1564309,15113,32,31,16,Nevada,Washoe,Reno,2016-02-14,Parts per billion,19.804167,31.9,0,29,Parts per million,0.013708,0.03,10,28,Parts per billion,0.4375,1.1,5,,Parts per million,0.454167,0.7,3,8.0,Feb,2016,201602
1564310,15114,32,31,16,Nevada,Washoe,Reno,2016-02-15,Parts per billion,16.454167,34.1,18,32,Parts per million,0.013708,0.026,10,24,Parts per billion,0.266667,1.9,7,1.0,Parts per million,0.298,0.695,7,,Feb,2016,201602
1564311,15115,32,31,16,Nevada,Washoe,Reno,2016-02-15,Parts per billion,16.454167,34.1,18,32,Parts per million,0.013708,0.026,10,24,Parts per billion,0.266667,1.9,7,1.0,Parts per million,0.329167,0.4,0,5.0,Feb,2016,201602
1564312,15116,32,31,16,Nevada,Washoe,Reno,2016-02-15,Parts per billion,16.454167,34.1,18,32,Parts per million,0.013708,0.026,10,24,Parts per billion,0.25,1.0,8,,Parts per million,0.298,0.695,7,,Feb,2016,201602
1564313,15117,32,31,16,Nevada,Washoe,Reno,2016-02-15,Parts per billion,16.454167,34.1,18,32,Parts per million,0.013708,0.026,10,24,Parts per billion,0.25,1.0,8,,Parts per million,0.329167,0.4,0,5.0,Feb,2016,201602
1564314,15118,32,31,16,Nevada,Washoe,Reno,2016-02-16,Parts per billion,19.514286,32.0,18,30,Parts per million,0.013278,0.031,10,29,Parts per billion,0.409524,3.0,7,4.0,Parts per million,0.31419,0.848,7,,Feb,2016,201602
1564315,15119,32,31,16,Nevada,Washoe,Reno,2016-02-16,Parts per billion,19.514286,32.0,18,30,Parts per million,0.013278,0.031,10,29,Parts per billion,0.409524,3.0,7,4.0,Parts per million,0.294444,0.4,8,5.0,Feb,2016,201602
1564316,15120,32,31,16,Nevada,Washoe,Reno,2016-02-16,Parts per billion,19.514286,32.0,18,30,Parts per million,0.013278,0.031,10,29,Parts per billion,0.385714,1.7,8,,Parts per million,0.31419,0.848,7,,Feb,2016,201602
1564317,15121,32,31,16,Nevada,Washoe,Reno,2016-02-16,Parts per billion,19.514286,32.0,18,30,Parts per million,0.013278,0.031,10,29,Parts per billion,0.385714,1.7,8,,Parts per million,0.294444,0.4,8,5.0,Feb,2016,201602
1564318,15122,32,31,16,Nevada,Washoe,Reno,2016-02-17,Parts per billion,7.791666999999999,29.9,5,27,Parts per million,0.036583,0.043,21,40,Parts per billion,0.079167,0.6,4,0.0,Parts per million,0.165792,0.332,4,,Feb,2016,201602
1564319,15123,32,31,16,Nevada,Washoe,Reno,2016-02-17,Parts per billion,7.791666999999999,29.9,5,27,Parts per million,0.036583,0.043,21,40,Parts per billion,0.079167,0.6,4,0.0,Parts per million,0.175,0.3,0,3.0,Feb,2016,201602
1564320,15124,32,31,16,Nevada,Washoe,Reno,2016-02-17,Parts per billion,7.791666999999999,29.9,5,27,Parts per million,0.036583,0.043,21,40,Parts per billion,0.0625,0.4,5,,Parts per million,0.165792,0.332,4,,Feb,2016,201602
1564321,15125,32,31,16,Nevada,Washoe,Reno,2016-02-17,Parts per billion,7.791666999999999,29.9,5,27,Parts per million,0.036583,0.043,21,40,Parts per billion,0.0625,0.4,5,,Parts per million,0.175,0.3,0,3.0,Feb,2016,201602
1564322,15126,32,31,16,Nevada,Washoe,Reno,2016-02-18,Parts per billion,9.608333,30.3,23,28,Parts per million,0.032917,0.043,9,40,Parts per billion,0.0041670000000000006,0.1,9,0.0,Parts per million,0.238875,0.429,23,,Feb,2016,201602
1564323,15127,32,31,16,Nevada,Washoe,Reno,2016-02-18,Parts per billion,9.608333,30.3,23,28,Parts per million,0.032917,0.043,9,40,Parts per billion,0.0041670000000000006,0.1,9,0.0,Parts per million,0.1875,0.3,21,3.0,Feb,2016,201602
1564324,15130,32,31,16,Nevada,Washoe,Reno,2016-02-19,Parts per billion,15.3875,39.1,7,37,Parts per million,0.029417,0.045,10,42,Parts per billion,0.266667,2.4,7,3.0,Parts per million,0.310583,0.836,7,,Feb,2016,201602
1564325,15131,32,31,16,Nevada,Washoe,Reno,2016-02-19,Parts per billion,15.3875,39.1,7,37,Parts per million,0.029417,0.045,10,42,Parts per billion,0.266667,2.4,7,3.0,Parts per million,0.320833,0.5,8,6.0,Feb,2016,201602
1564326,15132,32,31,16,Nevada,Washoe,Reno,2016-02-19,Parts per billion,15.3875,39.1,7,37,Parts per million,0.029417,0.045,10,42,Parts per billion,0.2625,1.8,8,,Parts per million,0.310583,0.836,7,,Feb,2016,201602
1564327,15133,32,31,16,Nevada,Washoe,Reno,2016-02-19,Parts per billion,15.3875,39.1,7,37,Parts per million,0.029417,0.045,10,42,Parts per billion,0.2625,1.8,8,,Parts per million,0.320833,0.5,8,6.0,Feb,2016,201602
1564328,15134,32,31,16,Nevada,Washoe,Reno,2016-02-20,Parts per billion,15.858332999999998,34.5,6,32,Parts per million,0.024542,0.041,9,38,Parts per billion,0.108333,0.7,7,0.0,Parts per million,0.289042,0.476,0,,Feb,2016,201602
1564329,15135,32,31,16,Nevada,Washoe,Reno,2016-02-20,Parts per billion,15.858332999999998,34.5,6,32,Parts per million,0.024542,0.041,9,38,Parts per billion,0.108333,0.7,7,0.0,Parts per million,0.2875,0.4,6,5.0,Feb,2016,201602
1564330,15136,32,31,16,Nevada,Washoe,Reno,2016-02-20,Parts per billion,15.858332999999998,34.5,6,32,Parts per million,0.024542,0.041,9,38,Parts per billion,0.075,0.6,8,,Parts per million,0.289042,0.476,0,,Feb,2016,201602
1564331,15137,32,31,16,Nevada,Washoe,Reno,2016-02-20,Parts per billion,15.858332999999998,34.5,6,32,Parts per million,0.024542,0.041,9,38,Parts per billion,0.075,0.6,8,,Parts per million,0.2875,0.4,6,5.0,Feb,2016,201602
1564332,15138,32,31,16,Nevada,Washoe,Reno,2016-02-21,Parts per billion,11.616667,27.4,5,25,Parts per million,0.033,0.046,12,43,Parts per billion,0.058333,0.4,8,0.0,Parts per million,0.269542,0.428,7,,Feb,2016,201602
1564333,15139,32,31,16,Nevada,Washoe,Reno,2016-02-21,Parts per billion,11.616667,27.4,5,25,Parts per million,0.033,0.046,12,43,Parts per billion,0.058333,0.4,8,0.0,Parts per million,0.291667,0.4,8,5.0,Feb,2016,201602
1564334,15140,32,31,16,Nevada,Washoe,Reno,2016-02-21,Parts per billion,11.616667,27.4,5,25,Parts per million,0.033,0.046,12,43,Parts per billion,0.05,0.2,8,,Parts per million,0.269542,0.428,7,,Feb,2016,201602
1564335,15141,32,31,16,Nevada,Washoe,Reno,2016-02-21,Parts per billion,11.616667,27.4,5,25,Parts per million,0.033,0.046,12,43,Parts per billion,0.05,0.2,8,,Parts per million,0.291667,0.4,8,5.0,Feb,2016,201602
1564336,15142,32,31,16,Nevada,Washoe,Reno,2016-02-22,Parts per billion,14.720833,35.6,21,33,Parts per million,0.024958,0.041,11,38,Parts per billion,0.086364,0.8,7,0.0,Parts per million,0.279136,0.599,7,,Feb,2016,201602
1564337,15143,32,31,16,Nevada,Washoe,Reno,2016-02-22,Parts per billion,14.720833,35.6,21,33,Parts per million,0.024958,0.041,11,38,Parts per billion,0.086364,0.8,7,0.0,Parts per million,0.2625,0.3,7,3.0,Feb,2016,201602
1564338,15144,32,31,16,Nevada,Washoe,Reno,2016-02-22,Parts per billion,14.720833,35.6,21,33,Parts per million,0.024958,0.041,11,38,Parts per billion,0.085714,0.4,8,,Parts per million,0.279136,0.599,7,,Feb,2016,201602
1564339,15145,32,31,16,Nevada,Washoe,Reno,2016-02-22,Parts per billion,14.720833,35.6,21,33,Parts per million,0.024958,0.041,11,38,Parts per billion,0.085714,0.4,8,,Parts per million,0.2625,0.3,7,3.0,Feb,2016,201602
1564340,15146,32,31,16,Nevada,Washoe,Reno,2016-02-23,Parts per billion,22.655,35.0,20,33,Parts per million,0.016333,0.035,10,32,Parts per billion,0.295833,2.5,9,3.0,Parts per million,0.309542,0.794,9,,Feb,2016,201602
1564341,15147,32,31,16,Nevada,Washoe,Reno,2016-02-23,Parts per billion,22.655,35.0,20,33,Parts per million,0.016333,0.035,10,32,Parts per billion,0.295833,2.5,9,3.0,Parts per million,0.3,0.4,9,5.0,Feb,2016,201602
1564342,15148,32,31,16,Nevada,Washoe,Reno,2016-02-23,Parts per billion,22.655,35.0,20,33,Parts per million,0.016333,0.035,10,32,Parts per billion,0.2875,1.0,11,,Parts per million,0.309542,0.794,9,,Feb,2016,201602
1564343,15149,32,31,16,Nevada,Washoe,Reno,2016-02-23,Parts per billion,22.655,35.0,20,33,Parts per million,0.016333,0.035,10,32,Parts per billion,0.2875,1.0,11,,Parts per million,0.3,0.4,9,5.0,Feb,2016,201602
1564344,15150,32,31,16,Nevada,Washoe,Reno,2016-02-24,Parts per billion,24.433333,40.6,20,38,Parts per million,0.016791999999999998,0.03,11,28,Parts per billion,0.529167,3.0,8,4.0,Parts per million,0.372333,0.716,8,,Feb,2016,201602
1564345,15151,32,31,16,Nevada,Washoe,Reno,2016-02-24,Parts per billion,24.433333,40.6,20,38,Parts per million,0.016791999999999998,0.03,11,28,Parts per billion,0.529167,3.0,8,4.0,Parts per million,0.383333,0.5,11,6.0,Feb,2016,201602
1564346,15152,32,31,16,Nevada,Washoe,Reno,2016-02-24,Parts per billion,24.433333,40.6,20,38,Parts per million,0.016791999999999998,0.03,11,28,Parts per billion,0.4875,2.0,8,,Parts per million,0.372333,0.716,8,,Feb,2016,201602
1564347,15153,32,31,16,Nevada,Washoe,Reno,2016-02-24,Parts per billion,24.433333,40.6,20,38,Parts per million,0.016791999999999998,0.03,11,28,Parts per billion,0.4875,2.0,8,,Parts per million,0.383333,0.5,11,6.0,Feb,2016,201602
1564348,15154,32,31,16,Nevada,Washoe,Reno,2016-02-25,Parts per billion,21.491667,38.9,18,36,Parts per million,0.019125,0.034,10,31,Parts per billion,0.358333,1.9,9,1.0,Parts per million,0.345708,0.742,9,,Feb,2016,201602
1564349,15155,32,31,16,Nevada,Washoe,Reno,2016-02-25,Parts per billion,21.491667,38.9,18,36,Parts per million,0.019125,0.034,10,31,Parts per billion,0.358333,1.9,9,1.0,Parts per million,0.354167,0.5,11,6.0,Feb,2016,201602
1564350,15156,32,31,16,Nevada,Washoe,Reno,2016-02-25,Parts per billion,21.491667,38.9,18,36,Parts per million,0.019125,0.034,10,31,Parts per billion,0.325,1.3,11,,Parts per million,0.345708,0.742,9,,Feb,2016,201602
1564351,15157,32,31,16,Nevada,Washoe,Reno,2016-02-25,Parts per billion,21.491667,38.9,18,36,Parts per million,0.019125,0.034,10,31,Parts per billion,0.325,1.3,11,,Parts per million,0.354167,0.5,11,6.0,Feb,2016,201602
1564352,15158,32,31,16,Nevada,Washoe,Reno,2016-02-26,Parts per billion,17.7125,36.1,13,34,Parts per million,0.02625,0.041,14,38,Parts per billion,0.491667,2.5,8,3.0,Parts per million,0.336667,0.73,8,,Feb,2016,201602
1564353,15159,32,31,16,Nevada,Washoe,Reno,2016-02-26,Parts per billion,17.7125,36.1,13,34,Parts per million,0.02625,0.041,14,38,Parts per billion,0.491667,2.5,8,3.0,Parts per million,0.35,0.6,13,7.0,Feb,2016,201602
1564354,15160,32,31,16,Nevada,Washoe,Reno,2016-02-26,Parts per billion,17.7125,36.1,13,34,Parts per million,0.02625,0.041,14,38,Parts per billion,0.4875,1.6,8,,Parts per million,0.336667,0.73,8,,Feb,2016,201602
1564355,15161,32,31,16,Nevada,Washoe,Reno,2016-02-26,Parts per billion,17.7125,36.1,13,34,Parts per million,0.02625,0.041,14,38,Parts per billion,0.4875,1.6,8,,Parts per million,0.35,0.6,13,7.0,Feb,2016,201602
1564356,15162,32,31,16,Nevada,Washoe,Reno,2016-02-27,Parts per billion,8.779167,28.4,23,26,Parts per million,0.030917,0.045,9,42,Parts per billion,0.008333,0.1,7,0.0,Parts per million,0.218042,0.422,23,,Feb,2016,201602
1564357,15163,32,31,16,Nevada,Washoe,Reno,2016-02-27,Parts per billion,8.779167,28.4,23,26,Parts per million,0.030917,0.045,9,42,Parts per billion,0.008333,0.1,7,0.0,Parts per million,0.204167,0.3,23,3.0,Feb,2016,201602
1564358,15166,32,31,16,Nevada,Washoe,Reno,2016-02-28,Parts per billion,18.825,35.0,9,33,Parts per million,0.021875,0.041,12,38,Parts per billion,0.358333,1.7,9,1.0,Parts per million,0.3745,0.836,9,,Feb,2016,201602
1564359,15167,32,31,16,Nevada,Washoe,Reno,2016-02-28,Parts per billion,18.825,35.0,9,33,Parts per million,0.021875,0.041,12,38,Parts per billion,0.358333,1.7,9,1.0,Parts per million,0.379167,0.6,10,7.0,Feb,2016,201602
1564360,15168,32,31,16,Nevada,Washoe,Reno,2016-02-28,Parts per billion,18.825,35.0,9,33,Parts per million,0.021875,0.041,12,38,Parts per billion,0.35,1.1,11,,Parts per million,0.3745,0.836,9,,Feb,2016,201602
1564361,15169,32,31,16,Nevada,Washoe,Reno,2016-02-28,Parts per billion,18.825,35.0,9,33,Parts per million,0.021875,0.041,12,38,Parts per billion,0.35,1.1,11,,Parts per million,0.379167,0.6,10,7.0,Feb,2016,201602
1564362,15170,32,31,16,Nevada,Washoe,Reno,2016-02-29,Parts per billion,17.404167,36.6,7,34,Parts per million,0.018059,0.036000000000000004,15,33,Parts per billion,0.455,2.9,7,3.0,Parts per million,0.37375,0.935,7,,Feb,2016,201602
1564363,15171,32,31,16,Nevada,Washoe,Reno,2016-02-29,Parts per billion,17.404167,36.6,7,34,Parts per million,0.018059,0.036000000000000004,15,33,Parts per billion,0.455,2.9,7,3.0,Parts per million,0.411765,0.6,9,7.0,Feb,2016,201602
1564364,15172,32,31,16,Nevada,Washoe,Reno,2016-02-29,Parts per billion,17.404167,36.6,7,34,Parts per million,0.018059,0.036000000000000004,15,33,Parts per billion,0.483333,2.2,8,,Parts per million,0.37375,0.935,7,,Feb,2016,201602
1564365,15173,32,31,16,Nevada,Washoe,Reno,2016-02-29,Parts per billion,17.404167,36.6,7,34,Parts per million,0.018059,0.036000000000000004,15,33,Parts per billion,0.483333,2.2,8,,Parts per million,0.411765,0.6,9,7.0,Feb,2016,201602
1564366,15174,32,31,16,Nevada,Washoe,Reno,2016-03-01,Parts per billion,15.095833,35.3,8,33,Parts per million,0.029813,0.046,14,43,Parts per billion,0.394737,3.7,8,4.0,Parts per million,0.288211,0.986,8,,Mar,2016,201603
1564367,15175,32,31,16,Nevada,Washoe,Reno,2016-03-01,Parts per billion,15.095833,35.3,8,33,Parts per million,0.029813,0.046,14,43,Parts per billion,0.394737,3.7,8,4.0,Parts per million,0.25,0.4,8,5.0,Mar,2016,201603
1564368,15176,32,31,16,Nevada,Washoe,Reno,2016-03-01,Parts per billion,15.095833,35.3,8,33,Parts per million,0.029813,0.046,14,43,Parts per billion,0.383333,1.9,8,,Parts per million,0.288211,0.986,8,,Mar,2016,201603
1564369,15177,32,31,16,Nevada,Washoe,Reno,2016-03-01,Parts per billion,15.095833,35.3,8,33,Parts per million,0.029813,0.046,14,43,Parts per billion,0.383333,1.9,8,,Parts per million,0.25,0.4,8,5.0,Mar,2016,201603
1564370,15178,32,31,16,Nevada,Washoe,Reno,2016-03-02,Parts per billion,19.280952,39.3,8,37,Parts per million,0.0275,0.041,11,38,Parts per billion,0.516667,3.1,8,4.0,Parts per million,0.336708,0.959,8,,Mar,2016,201603
1564371,15179,32,31,16,Nevada,Washoe,Reno,2016-03-02,Parts per billion,19.280952,39.3,8,37,Parts per million,0.0275,0.041,11,38,Parts per billion,0.516667,3.1,8,4.0,Parts per million,0.329167,0.5,8,6.0,Mar,2016,201603
1564372,15180,32,31,16,Nevada,Washoe,Reno,2016-03-02,Parts per billion,19.280952,39.3,8,37,Parts per million,0.0275,0.041,11,38,Parts per billion,0.4875,2.0,8,,Parts per million,0.336708,0.959,8,,Mar,2016,201603
1564373,15181,32,31,16,Nevada,Washoe,Reno,2016-03-02,Parts per billion,19.280952,39.3,8,37,Parts per million,0.0275,0.041,11,38,Parts per billion,0.4875,2.0,8,,Parts per million,0.329167,0.5,8,6.0,Mar,2016,201603
1564374,15182,32,31,16,Nevada,Washoe,Reno,2016-03-03,Parts per billion,11.5875,30.4,7,28,Parts per million,0.031125,0.044,12,41,Parts per billion,0.158333,0.8,7,0.0,Parts per million,0.225833,0.414,23,,Mar,2016,201603
1564375,15183,32,31,16,Nevada,Washoe,Reno,2016-03-03,Parts per billion,11.5875,30.4,7,28,Parts per million,0.031125,0.044,12,41,Parts per billion,0.158333,0.8,7,0.0,Parts per million,0.2125,0.3,0,3.0,Mar,2016,201603
1564376,15184,32,31,16,Nevada,Washoe,Reno,2016-03-03,Parts per billion,11.5875,30.4,7,28,Parts per million,0.031125,0.044,12,41,Parts per billion,0.125,0.5,8,,Parts per million,0.225833,0.414,23,,Mar,2016,201603
1564377,15185,32,31,16,Nevada,Washoe,Reno,2016-03-03,Parts per billion,11.5875,30.4,7,28,Parts per million,0.031125,0.044,12,41,Parts per billion,0.125,0.5,8,,Parts per million,0.2125,0.3,0,3.0,Mar,2016,201603
1564378,15186,32,31,16,Nevada,Washoe,Reno,2016-03-04,Parts per billion,21.145833,40.2,10,38,Parts per million,0.020583,0.03,11,28,Parts per billion,0.808333,3.8,8,4.0,Parts per million,0.398083,1.013,8,,Mar,2016,201603
1564379,15187,32,31,16,Nevada,Washoe,Reno,2016-03-04,Parts per billion,21.145833,40.2,10,38,Parts per million,0.020583,0.03,11,28,Parts per billion,0.808333,3.8,8,4.0,Parts per million,0.420833,0.7,11,8.0,Mar,2016,201603
1564380,15188,32,31,16,Nevada,Washoe,Reno,2016-03-04,Parts per billion,21.145833,40.2,10,38,Parts per million,0.020583,0.03,11,28,Parts per billion,0.7875,2.6,8,,Parts per million,0.398083,1.013,8,,Mar,2016,201603
1564381,15189,32,31,16,Nevada,Washoe,Reno,2016-03-04,Parts per billion,21.145833,40.2,10,38,Parts per million,0.020583,0.03,11,28,Parts per billion,0.7875,2.6,8,,Parts per million,0.420833,0.7,11,8.0,Mar,2016,201603
1564382,15190,32,31,16,Nevada,Washoe,Reno,2016-03-05,Parts per billion,6.6,24.8,6,23,Parts per million,0.032208,0.038,23,35,Parts per billion,0.108333,0.2,5,0.0,Parts per million,0.179583,0.329,6,,Mar,2016,201603
1564383,15191,32,31,16,Nevada,Washoe,Reno,2016-03-05,Parts per billion,6.6,24.8,6,23,Parts per million,0.032208,0.038,23,35,Parts per billion,0.108333,0.2,5,0.0,Parts per million,0.1875,0.2,0,2.0,Mar,2016,201603
1564384,15192,32,31,16,Nevada,Washoe,Reno,2016-03-05,Parts per billion,6.6,24.8,6,23,Parts per million,0.032208,0.038,23,35,Parts per billion,0.0875,0.1,5,,Parts per million,0.179583,0.329,6,,Mar,2016,201603
1564385,15193,32,31,16,Nevada,Washoe,Reno,2016-03-05,Parts per billion,6.6,24.8,6,23,Parts per million,0.032208,0.038,23,35,Parts per billion,0.0875,0.1,5,,Parts per million,0.1875,0.2,0,2.0,Mar,2016,201603
1564386,15194,32,31,16,Nevada,Washoe,Reno,2016-03-06,Parts per billion,3.154167,6.1,20,6,Parts per million,0.046292,0.049,3,45,Parts per billion,0.091667,0.1,0,0.0,Parts per million,0.17008299999999998,0.2,22,,Mar,2016,201603
1564387,15195,32,31,16,Nevada,Washoe,Reno,2016-03-06,Parts per billion,3.154167,6.1,20,6,Parts per million,0.046292,0.049,3,45,Parts per billion,0.091667,0.1,0,0.0,Parts per million,0.166667,0.2,8,2.0,Mar,2016,201603
1564388,15196,32,31,16,Nevada,Washoe,Reno,2016-03-06,Parts per billion,3.154167,6.1,20,6,Parts per million,0.046292,0.049,3,45,Parts per billion,0.075,0.1,2,,Parts per million,0.17008299999999998,0.2,22,,Mar,2016,201603
1564389,15197,32,31,16,Nevada,Washoe,Reno,2016-03-06,Parts per billion,3.154167,6.1,20,6,Parts per million,0.046292,0.049,3,45,Parts per billion,0.075,0.1,2,,Parts per million,0.166667,0.2,8,2.0,Mar,2016,201603
1564390,15198,32,31,16,Nevada,Washoe,Reno,2016-03-07,Parts per billion,6.961905000000002,17.8,7,16,Parts per million,0.033333,0.041,0,38,Parts per billion,0.127273,0.4,7,0.0,Parts per million,0.199727,0.302,7,,Mar,2016,201603
1564391,15199,32,31,16,Nevada,Washoe,Reno,2016-03-07,Parts per billion,6.961905000000002,17.8,7,16,Parts per million,0.033333,0.041,0,38,Parts per billion,0.127273,0.4,7,0.0,Parts per million,0.2,0.2,0,2.0,Mar,2016,201603
1564392,15200,32,31,16,Nevada,Washoe,Reno,2016-03-07,Parts per billion,6.961905000000002,17.8,7,16,Parts per million,0.033333,0.041,0,38,Parts per billion,0.083333,0.2,8,,Parts per million,0.199727,0.302,7,,Mar,2016,201603
1564393,15201,32,31,16,Nevada,Washoe,Reno,2016-03-07,Parts per billion,6.961905000000002,17.8,7,16,Parts per million,0.033333,0.041,0,38,Parts per billion,0.083333,0.2,8,,Parts per million,0.2,0.2,0,2.0,Mar,2016,201603
1564394,15202,32,31,16,Nevada,Washoe,Reno,2016-03-08,Parts per billion,11.679167,24.7,23,23,Parts per million,0.025208,0.039,11,36,Parts per billion,0.166667,0.5,7,0.0,Parts per million,0.254417,0.415,23,,Mar,2016,201603
1564395,15203,32,31,16,Nevada,Washoe,Reno,2016-03-08,Parts per billion,11.679167,24.7,23,23,Parts per million,0.025208,0.039,11,36,Parts per billion,0.166667,0.5,7,0.0,Parts per million,0.2375,0.3,7,3.0,Mar,2016,201603
1564396,15204,32,31,16,Nevada,Washoe,Reno,2016-03-08,Parts per billion,11.679167,24.7,23,23,Parts per million,0.025208,0.039,11,36,Parts per billion,0.1375,0.3,8,,Parts per million,0.254417,0.415,23,,Mar,2016,201603
1564397,15205,32,31,16,Nevada,Washoe,Reno,2016-03-08,Parts per billion,11.679167,24.7,23,23,Parts per million,0.025208,0.039,11,36,Parts per billion,0.1375,0.3,8,,Parts per million,0.2375,0.3,7,3.0,Mar,2016,201603
1564398,15206,32,31,16,Nevada,Washoe,Reno,2016-03-09,Parts per billion,14.9125,30.9,7,28,Parts per million,0.025125,0.036000000000000004,22,33,Parts per billion,0.2875,1.6,7,1.0,Parts per million,0.2935,0.551,7,,Mar,2016,201603
1564399,15207,32,31,16,Nevada,Washoe,Reno,2016-03-09,Parts per billion,14.9125,30.9,7,28,Parts per million,0.025125,0.036000000000000004,22,33,Parts per billion,0.2875,1.6,7,1.0,Parts per million,0.304167,0.4,5,5.0,Mar,2016,201603
1564400,15208,32,31,16,Nevada,Washoe,Reno,2016-03-09,Parts per billion,14.9125,30.9,7,28,Parts per million,0.025125,0.036000000000000004,22,33,Parts per billion,0.2625,1.1,8,,Parts per million,0.2935,0.551,7,,Mar,2016,201603
1564401,15209,32,31,16,Nevada,Washoe,Reno,2016-03-09,Parts per billion,14.9125,30.9,7,28,Parts per million,0.025125,0.036000000000000004,22,33,Parts per billion,0.2625,1.1,8,,Parts per million,0.304167,0.4,5,5.0,Mar,2016,201603
1564402,15210,32,31,16,Nevada,Washoe,Reno,2016-03-10,Parts per billion,5.545833,20.6,23,19,Parts per million,0.026,0.035,0,32,Parts per billion,0.058333,0.1,4,0.0,Parts per million,0.166917,0.277,23,,Mar,2016,201603
1564403,15211,32,31,16,Nevada,Washoe,Reno,2016-03-10,Parts per billion,5.545833,20.6,23,19,Parts per million,0.026,0.035,0,32,Parts per billion,0.058333,0.1,4,0.0,Parts per million,0.158333,0.2,0,2.0,Mar,2016,201603
1564404,15212,32,31,16,Nevada,Washoe,Reno,2016-03-10,Parts per billion,5.545833,20.6,23,19,Parts per million,0.026,0.035,0,32,Parts per billion,0.025,0.1,17,,Parts per million,0.166917,0.277,23,,Mar,2016,201603
1564405,15213,32,31,16,Nevada,Washoe,Reno,2016-03-10,Parts per billion,5.545833,20.6,23,19,Parts per million,0.026,0.035,0,32,Parts per billion,0.025,0.1,17,,Parts per million,0.158333,0.2,0,2.0,Mar,2016,201603
1564406,15214,32,31,16,Nevada,Washoe,Reno,2016-03-11,Parts per billion,11.9875,31.7,23,29,Parts per million,0.029167,0.043,13,40,Parts per billion,0.17083299999999998,0.7,8,0.0,Parts per million,0.242083,0.517,23,,Mar,2016,201603
1564407,15215,32,31,16,Nevada,Washoe,Reno,2016-03-11,Parts per billion,11.9875,31.7,23,29,Parts per million,0.029167,0.043,13,40,Parts per billion,0.17083299999999998,0.7,8,0.0,Parts per million,0.208333,0.3,8,3.0,Mar,2016,201603
1564408,15216,32,31,16,Nevada,Washoe,Reno,2016-03-11,Parts per billion,11.9875,31.7,23,29,Parts per million,0.029167,0.043,13,40,Parts per billion,0.15,0.5,8,,Parts per million,0.242083,0.517,23,,Mar,2016,201603
1564409,15217,32,31,16,Nevada,Washoe,Reno,2016-03-11,Parts per billion,11.9875,31.7,23,29,Parts per million,0.029167,0.043,13,40,Parts per billion,0.15,0.5,8,,Parts per million,0.208333,0.3,8,3.0,Mar,2016,201603
1564410,15218,32,31,16,Nevada,Washoe,Reno,2016-03-12,Parts per billion,7.579167,22.2,5,21,Parts per million,0.042625,0.048,23,44,Parts per billion,0.05,0.2,0,0.0,Parts per million,0.204042,0.354,0,,Mar,2016,201603
1564411,15219,32,31,16,Nevada,Washoe,Reno,2016-03-12,Parts per billion,7.579167,22.2,5,21,Parts per million,0.042625,0.048,23,44,Parts per billion,0.05,0.2,0,0.0,Parts per million,0.241667,0.3,0,3.0,Mar,2016,201603
1564412,15220,32,31,16,Nevada,Washoe,Reno,2016-03-12,Parts per billion,7.579167,22.2,5,21,Parts per million,0.042625,0.048,23,44,Parts per billion,0.025,0.1,2,,Parts per million,0.204042,0.354,0,,Mar,2016,201603
1564413,15221,32,31,16,Nevada,Washoe,Reno,2016-03-12,Parts per billion,7.579167,22.2,5,21,Parts per million,0.042625,0.048,23,44,Parts per billion,0.025,0.1,2,,Parts per million,0.241667,0.3,0,3.0,Mar,2016,201603
1564414,15222,32,31,16,Nevada,Washoe,Reno,2016-03-13,Parts per billion,3.104167,5.4,18,5,Parts per million,0.045458,0.048,0,44,Parts per billion,0.0041670000000000006,0.1,23,0.0,Parts per million,0.157833,0.185,12,,Mar,2016,201603
1564415,15223,32,31,16,Nevada,Washoe,Reno,2016-03-13,Parts per billion,3.104167,5.4,18,5,Parts per million,0.045458,0.048,0,44,Parts per billion,0.0041670000000000006,0.1,23,0.0,Parts per million,0.175,0.2,6,2.0,Mar,2016,201603
1564416,15226,32,31,16,Nevada,Washoe,Reno,2016-03-14,Parts per billion,5.120833,21.6,23,20,Parts per million,0.040292,0.051,9,47,Parts per billion,0.016666999999999998,0.1,6,0.0,Parts per million,0.185042,0.308,23,,Mar,2016,201603
1564417,15227,32,31,16,Nevada,Washoe,Reno,2016-03-14,Parts per billion,5.120833,21.6,23,20,Parts per million,0.040292,0.051,9,47,Parts per billion,0.016666999999999998,0.1,6,0.0,Parts per million,0.17083299999999998,0.2,0,2.0,Mar,2016,201603
1564418,15228,32,31,16,Nevada,Washoe,Reno,2016-03-14,Parts per billion,5.120833,21.6,23,20,Parts per million,0.040292,0.051,9,47,Parts per billion,0.0125,0.1,8,,Parts per million,0.185042,0.308,23,,Mar,2016,201603
1564419,15229,32,31,16,Nevada,Washoe,Reno,2016-03-14,Parts per billion,5.120833,21.6,23,20,Parts per million,0.040292,0.051,9,47,Parts per billion,0.0125,0.1,8,,Parts per million,0.17083299999999998,0.2,0,2.0,Mar,2016,201603
1564420,15230,32,31,16,Nevada,Washoe,Reno,2016-03-15,Parts per billion,21.404762,37.8,8,35,Parts per million,0.021125,0.041,8,38,Parts per billion,0.26363600000000004,2.1,7,3.0,Parts per million,0.288682,0.7,7,,Mar,2016,201603
1564421,15231,32,31,16,Nevada,Washoe,Reno,2016-03-15,Parts per billion,21.404762,37.8,8,35,Parts per million,0.021125,0.041,8,38,Parts per billion,0.26363600000000004,2.1,7,3.0,Parts per million,0.283333,0.4,7,5.0,Mar,2016,201603
1564422,15232,32,31,16,Nevada,Washoe,Reno,2016-03-15,Parts per billion,21.404762,37.8,8,35,Parts per million,0.021125,0.041,8,38,Parts per billion,0.083333,0.2,5,,Parts per million,0.288682,0.7,7,,Mar,2016,201603
1564423,15233,32,31,16,Nevada,Washoe,Reno,2016-03-15,Parts per billion,21.404762,37.8,8,35,Parts per million,0.021125,0.041,8,38,Parts per billion,0.083333,0.2,5,,Parts per million,0.283333,0.4,7,5.0,Mar,2016,201603
1564424,15234,32,31,16,Nevada,Washoe,Reno,2016-03-16,Parts per billion,17.920833,31.5,22,29,Parts per million,0.022292,0.043,10,40,Parts per billion,0.379167,1.9,7,1.0,Parts per million,0.267708,0.662,7,,Mar,2016,201603
1564425,15235,32,31,16,Nevada,Washoe,Reno,2016-03-16,Parts per billion,17.920833,31.5,22,29,Parts per million,0.022292,0.043,10,40,Parts per billion,0.379167,1.9,7,1.0,Parts per million,0.258333,0.4,9,5.0,Mar,2016,201603
1564426,15236,32,31,16,Nevada,Washoe,Reno,2016-03-16,Parts per billion,17.920833,31.5,22,29,Parts per million,0.022292,0.043,10,40,Parts per billion,0.35,1.5,8,,Parts per million,0.267708,0.662,7,,Mar,2016,201603
1564427,15237,32,31,16,Nevada,Washoe,Reno,2016-03-16,Parts per billion,17.920833,31.5,22,29,Parts per million,0.022292,0.043,10,40,Parts per billion,0.35,1.5,8,,Parts per million,0.258333,0.4,9,5.0,Mar,2016,201603
1564428,15238,32,31,16,Nevada,Washoe,Reno,2016-03-17,Parts per billion,14.925,25.3,5,24,Parts per million,0.026542000000000003,0.046,10,43,Parts per billion,0.233333,1.6,7,1.0,Parts per million,0.251708,0.5760000000000001,7,,Mar,2016,201603
1564429,15239,32,31,16,Nevada,Washoe,Reno,2016-03-17,Parts per billion,14.925,25.3,5,24,Parts per million,0.026542000000000003,0.046,10,43,Parts per billion,0.233333,1.6,7,1.0,Parts per million,0.2375,0.3,7,3.0,Mar,2016,201603
1564430,15240,32,31,16,Nevada,Washoe,Reno,2016-03-17,Parts per billion,14.925,25.3,5,24,Parts per million,0.026542000000000003,0.046,10,43,Parts per billion,0.2125,1.0,8,,Parts per million,0.251708,0.5760000000000001,7,,Mar,2016,201603
1564431,15241,32,31,16,Nevada,Washoe,Reno,2016-03-17,Parts per billion,14.925,25.3,5,24,Parts per million,0.026542000000000003,0.046,10,43,Parts per billion,0.2125,1.0,8,,Parts per million,0.2375,0.3,7,3.0,Mar,2016,201603
1564432,15242,32,31,16,Nevada,Washoe,Reno,2016-03-18,Parts per billion,14.795832999999998,30.4,7,28,Parts per million,0.027917,0.046,10,43,Parts per billion,0.354167,2.4,8,3.0,Parts per million,0.274,0.7,8,,Mar,2016,201603
1564433,15243,32,31,16,Nevada,Washoe,Reno,2016-03-18,Parts per billion,14.795832999999998,30.4,7,28,Parts per million,0.027917,0.046,10,43,Parts per billion,0.354167,2.4,8,3.0,Parts per million,0.266667,0.4,8,5.0,Mar,2016,201603
1564434,15244,32,31,16,Nevada,Washoe,Reno,2016-03-18,Parts per billion,14.795832999999998,30.4,7,28,Parts per million,0.027917,0.046,10,43,Parts per billion,0.325,1.7,8,,Parts per million,0.274,0.7,8,,Mar,2016,201603
1564435,15245,32,31,16,Nevada,Washoe,Reno,2016-03-18,Parts per billion,14.795832999999998,30.4,7,28,Parts per million,0.027917,0.046,10,43,Parts per billion,0.325,1.7,8,,Parts per million,0.266667,0.4,8,5.0,Mar,2016,201603
1564436,15246,32,31,16,Nevada,Washoe,Reno,2016-03-19,Parts per billion,12.141667,24.3,22,23,Parts per million,0.028958,0.049,10,45,Parts per billion,0.13333299999999998,0.5,8,0.0,Parts per million,0.244917,0.408,8,,Mar,2016,201603
1564437,15247,32,31,16,Nevada,Washoe,Reno,2016-03-19,Parts per billion,12.141667,24.3,22,23,Parts per million,0.028958,0.049,10,45,Parts per billion,0.13333299999999998,0.5,8,0.0,Parts per million,0.229167,0.3,9,3.0,Mar,2016,201603
1564438,15248,32,31,16,Nevada,Washoe,Reno,2016-03-19,Parts per billion,12.141667,24.3,22,23,Parts per million,0.028958,0.049,10,45,Parts per billion,0.0875,0.3,8,,Parts per million,0.244917,0.408,8,,Mar,2016,201603
1564439,15249,32,31,16,Nevada,Washoe,Reno,2016-03-19,Parts per billion,12.141667,24.3,22,23,Parts per million,0.028958,0.049,10,45,Parts per billion,0.0875,0.3,8,,Parts per million,0.229167,0.3,9,3.0,Mar,2016,201603
1564440,15250,32,31,16,Nevada,Washoe,Reno,2016-03-20,Parts per billion,12.295833,28.3,1,26,Parts per million,0.034542,0.048,9,44,Parts per billion,0.1875,1.7,8,1.0,Parts per million,0.273833,0.616,8,,Mar,2016,201603
1564441,15251,32,31,16,Nevada,Washoe,Reno,2016-03-20,Parts per billion,12.295833,28.3,1,26,Parts per million,0.034542,0.048,9,44,Parts per billion,0.1875,1.7,8,1.0,Parts per million,0.304167,0.5,8,6.0,Mar,2016,201603
1564442,15252,32,31,16,Nevada,Washoe,Reno,2016-03-20,Parts per billion,12.295833,28.3,1,26,Parts per million,0.034542,0.048,9,44,Parts per billion,0.1625,1.0,8,,Parts per million,0.273833,0.616,8,,Mar,2016,201603
1564443,15253,32,31,16,Nevada,Washoe,Reno,2016-03-20,Parts per billion,12.295833,28.3,1,26,Parts per million,0.034542,0.048,9,44,Parts per billion,0.1625,1.0,8,,Parts per million,0.304167,0.5,8,6.0,Mar,2016,201603
1564444,15254,32,31,16,Nevada,Washoe,Reno,2016-03-21,Parts per billion,3.695833,7.9,6,7,Parts per million,0.045,0.049,19,45,Parts per billion,0.0041670000000000006,0.1,7,0.0,Parts per million,0.169458,0.21600000000000005,8,,Mar,2016,201603
1564445,15255,32,31,16,Nevada,Washoe,Reno,2016-03-21,Parts per billion,3.695833,7.9,6,7,Parts per million,0.045,0.049,19,45,Parts per billion,0.0041670000000000006,0.1,7,0.0,Parts per million,0.17083299999999998,0.2,0,2.0,Mar,2016,201603
1564446,15258,32,31,16,Nevada,Washoe,Reno,2016-03-22,Parts per billion,6.366667,21.2,23,20,Parts per million,0.032875,0.043,8,40,Parts per billion,0.029167,0.1,6,0.0,Parts per million,0.215,0.312,23,,Mar,2016,201603
1564447,15259,32,31,16,Nevada,Washoe,Reno,2016-03-22,Parts per billion,6.366667,21.2,23,20,Parts per million,0.032875,0.043,8,40,Parts per billion,0.029167,0.1,6,0.0,Parts per million,0.2,0.2,0,2.0,Mar,2016,201603
1564448,15260,32,31,16,Nevada,Washoe,Reno,2016-03-22,Parts per billion,6.366667,21.2,23,20,Parts per million,0.032875,0.043,8,40,Parts per billion,0.025,0.1,8,,Parts per million,0.215,0.312,23,,Mar,2016,201603
1564449,15261,32,31,16,Nevada,Washoe,Reno,2016-03-22,Parts per billion,6.366667,21.2,23,20,Parts per million,0.032875,0.043,8,40,Parts per billion,0.025,0.1,8,,Parts per million,0.2,0.2,0,2.0,Mar,2016,201603
1564450,15262,32,31,16,Nevada,Washoe,Reno,2016-03-23,Parts per billion,18.03,28.1,7,26,Parts per million,0.023708,0.044,11,41,Parts per billion,0.227273,2.3,7,3.0,Parts per million,0.365444,0.677,7,,Mar,2016,201603
1564451,15263,32,31,16,Nevada,Washoe,Reno,2016-03-23,Parts per billion,18.03,28.1,7,26,Parts per million,0.023708,0.044,11,41,Parts per billion,0.227273,2.3,7,3.0,Parts per million,0.327273,0.4,7,5.0,Mar,2016,201603
1564452,15264,32,31,16,Nevada,Washoe,Reno,2016-03-23,Parts per billion,18.03,28.1,7,26,Parts per million,0.023708,0.044,11,41,Parts per billion,0.033333,0.2,5,,Parts per million,0.365444,0.677,7,,Mar,2016,201603
1564453,15265,32,31,16,Nevada,Washoe,Reno,2016-03-23,Parts per billion,18.03,28.1,7,26,Parts per million,0.023708,0.044,11,41,Parts per billion,0.033333,0.2,5,,Parts per million,0.327273,0.4,7,5.0,Mar,2016,201603
1564454,15266,32,31,16,Nevada,Washoe,Reno,2016-03-28,Parts per billion,7.0833330000000005,17.7,19,16,Parts per million,0.035235,0.039,0,36,Parts per billion,0.04,0.2,15,0.0,Parts per million,0.244667,0.326,19,,Mar,2016,201603
1564455,15267,32,31,16,Nevada,Washoe,Reno,2016-03-28,Parts per billion,7.0833330000000005,17.7,19,16,Parts per million,0.035235,0.039,0,36,Parts per billion,0.04,0.2,15,0.0,Parts per million,0.275,0.3,20,3.0,Mar,2016,201603
1564456,15268,32,31,16,Nevada,Washoe,Reno,2016-03-28,Parts per billion,7.0833330000000005,17.7,19,16,Parts per million,0.035235,0.039,0,36,Parts per billion,0.016666999999999998,0.1,17,,Parts per million,0.244667,0.326,19,,Mar,2016,201603
1564457,15269,32,31,16,Nevada,Washoe,Reno,2016-03-28,Parts per billion,7.0833330000000005,17.7,19,16,Parts per million,0.035235,0.039,0,36,Parts per billion,0.016666999999999998,0.1,17,,Parts per million,0.275,0.3,20,3.0,Mar,2016,201603
1564458,15270,32,31,16,Nevada,Washoe,Reno,2016-03-29,Parts per billion,7.22381,15.0,6,14,Parts per million,0.03175,0.04,8,37,Parts per billion,0.05,0.2,7,0.0,Parts per million,0.189583,0.243,5,,Mar,2016,201603
1564459,15271,32,31,16,Nevada,Washoe,Reno,2016-03-29,Parts per billion,7.22381,15.0,6,14,Parts per million,0.03175,0.04,8,37,Parts per billion,0.05,0.2,7,0.0,Parts per million,0.2,0.2,0,2.0,Mar,2016,201603
1564460,15272,32,31,16,Nevada,Washoe,Reno,2016-03-29,Parts per billion,7.22381,15.0,6,14,Parts per million,0.03175,0.04,8,37,Parts per billion,0.025,0.1,8,,Parts per million,0.189583,0.243,5,,Mar,2016,201603
1564461,15273,32,31,16,Nevada,Washoe,Reno,2016-03-29,Parts per billion,7.22381,15.0,6,14,Parts per million,0.03175,0.04,8,37,Parts per billion,0.025,0.1,8,,Parts per million,0.2,0.2,0,2.0,Mar,2016,201603
1564462,15274,32,31,16,Nevada,Washoe,Reno,2016-03-30,Parts per billion,14.845833,31.7,20,29,Parts per million,0.019125,0.039,10,36,Parts per billion,0.229167,1.2,22,1.0,Parts per million,0.2885,0.667,22,,Mar,2016,201603
1564463,15275,32,31,16,Nevada,Washoe,Reno,2016-03-30,Parts per billion,14.845833,31.7,20,29,Parts per million,0.019125,0.039,10,36,Parts per billion,0.229167,1.2,22,1.0,Parts per million,0.245833,0.4,23,5.0,Mar,2016,201603
1564464,15276,32,31,16,Nevada,Washoe,Reno,2016-03-30,Parts per billion,14.845833,31.7,20,29,Parts per million,0.019125,0.039,10,36,Parts per billion,0.2125,0.8,8,,Parts per million,0.2885,0.667,22,,Mar,2016,201603
1564465,15277,32,31,16,Nevada,Washoe,Reno,2016-03-30,Parts per billion,14.845833,31.7,20,29,Parts per million,0.019125,0.039,10,36,Parts per billion,0.2125,0.8,8,,Parts per million,0.245833,0.4,23,5.0,Mar,2016,201603
1564466,15278,32,31,16,Nevada,Washoe,Reno,2016-03-31,Parts per billion,15.8,24.7,5,23,Parts per million,0.026211,0.045,9,42,Parts per billion,0.259091,1.5,6,1.0,Parts per million,0.270545,0.556,6,,Mar,2016,201603
1564467,15279,32,31,16,Nevada,Washoe,Reno,2016-03-31,Parts per billion,15.8,24.7,5,23,Parts per million,0.026211,0.045,9,42,Parts per billion,0.259091,1.5,6,1.0,Parts per million,0.3125,0.4,0,5.0,Mar,2016,201603
1564468,15280,32,31,16,Nevada,Washoe,Reno,2016-03-31,Parts per billion,15.8,24.7,5,23,Parts per million,0.026211,0.045,9,42,Parts per billion,0.257143,1.2,8,,Parts per million,0.270545,0.556,6,,Mar,2016,201603
1564469,15281,32,31,16,Nevada,Washoe,Reno,2016-03-31,Parts per billion,15.8,24.7,5,23,Parts per million,0.026211,0.045,9,42,Parts per billion,0.257143,1.2,8,,Parts per million,0.3125,0.4,0,5.0,Mar,2016,201603
